<?xml version="1.0" encoding="UTF-8"?>
<launch4jConfig>
  <dontWrapJar>false</dontWrapJar>
  <headerType>gui</headerType>
  <jar>C:\Users\lesta\OneDrive\Documentos\NetBeansProjects\Cajero\dist\Cajero.jar</jar>
  <outfile>E:\Carrera\Programacion IV\Archivos\Cajero\Cajero.exe</outfile>
  <errTitle></errTitle>
  <cmdLine></cmdLine>
  <chdir>.</chdir>
  <priority>normal</priority>
  <downloadUrl></downloadUrl>
  <supportUrl></supportUrl>
  <stayAlive>false</stayAlive>
  <restartOnCrash>false</restartOnCrash>
  <manifest></manifest>
  <icon></icon>
  <jre>
    <path>%JAVA_HOME%;%PATH%</path>
    <requiresJdk>true</requiresJdk>
    <requires64Bit>true</requires64Bit>
    <minVersion>1.0</minVersion>
    <maxVersion></maxVersion>
  </jre>
</launch4jConfig>