<?xml version="1.0" encoding="UTF-8"?>
<project-private xmlns="http://www.netbeans.org/ns/project-private/1">
    <editor-bookmarks xmlns="http://www.netbeans.org/ns/editor-bookmarks/2" lastBookmarkId="0"/>
    <open-files xmlns="http://www.netbeans.org/ns/projectui-open-files/2">
        <group>
            <file>file:/C:/Users/lesta/OneDrive/Documentos/NetBeansProjects/Cajero/src/cajero/Cajero.java</file>
            <file>file:/C:/Users/lesta/OneDrive/Documentos/NetBeansProjects/Cajero/src/cajero/Cajero_P.java</file>
            <file>file:/C:/Users/lesta/OneDrive/Documentos/NetBeansProjects/Cajero/src/cajero/Deposito.java</file>
            <file>file:/C:/Users/lesta/OneDrive/Documentos/NetBeansProjects/Cajero/src/cajero/Retiro.java</file>
            <file>file:/C:/Users/lesta/OneDrive/Documentos/NetBeansProjects/Cajero/src/cajero/Saldo.java</file>
            <file>file:/C:/Users/lesta/OneDrive/Documentos/NetBeansProjects/Cajero/src/cajero/Conexion.java</file>
        </group>
    </open-files>
</project-private>
